username,follower_to_following_ratio,stars_per_repository,fork_to_repo_ratio,open_issues_per_repo,code_to_profile_age_ratio,push_to_total_events_ratio,repos_per_year,days_since_last_api_activity,days_since_last_code_push,average_days_between_events,profile_staleness_days,total_community_validation_count,total_starred_by_user,total_organization_connections,aggregate_codebase_footprint_kb,distinct_event_types_count,has_no_repos,is_b2b_affiliated,has_invested_profile,is_actively_hireable,has_external_gists,churned
mojombo,2239.909090909091,215.36363636363637,0.3787878787878788,8.287878787878787,0.009687362395420519,0.0,3.538309114927345,9999.0,687.0,6813.0,17.0,14214.0,164.0,1.0,390780.0,0.0,0,1,0,0,1,1
defunkt,105.62790697674419,348.50467289719626,0.27102803738317754,5.4766355140186915,0.015705269338030237,0.0,5.736349625715544,9999.0,432.0,6813.0,310.0,37290.0,200.0,1.0,292980.0,0.0,0,1,0,0,1,1
pjhyett,280.06666666666666,75.75,0.25,0.75,0.001188177632556067,0.0,0.43398188029110346,9999.0,2845.0,6733.0,68.0,606.0,15.0,0.0,4817.0,0.0,0,0,0,0,1,1
wycats,792.9230769230769,27.498489425981873,0.44410876132930516,1.241691842900302,0.049190072819141034,0.07333333333333333,17.96667409719126,0.0,0.0,22.43,2.0,9102.0,200.0,15.0,3257546.0,9.0,0,1,0,0,1,0
ezmobius,46.69230769230769,71.27272727272727,0.36363636363636365,1.9545454545454546,0.0032699167657550534,0.0,1.1943370986920334,9999.0,891.0,6728.0,23.0,1568.0,94.0,1.0,99685.0,0.0,0,1,0,0,1,1
ivey,64.66666666666667,2.891891891891892,0.16216216216216217,0.24324324324324326,0.0054994054696789535,0.0,2.008657847800238,9999.0,498.0,6728.0,6.0,107.0,61.0,1.0,63067.0,0.0,0,1,0,0,1,1
evanphx,160.0,23.295698924731184,0.543010752688172,0.23118279569892472,0.027645659928656363,0.37755102040816324,10.097577288941737,3.0,25.0,68.65306122448979,0.0,4333.0,147.0,7.0,3883271.0,7.0,0,1,0,0,1,0
vanpelt,24.428571428571427,2.9420289855072466,0.6811594202898551,1.1014492753623188,0.01025564803804994,0.3,3.745875445897741,0.0,39.0,74.75555555555556,19.0,203.0,200.0,0.0,934815.0,8.0,0,0,0,0,1,0
wayneeseguin,39.85,4.747826086956522,0.6521739130434783,0.8608695652173913,0.017092746730083236,0.6041666666666666,6.243125743162902,0.0,233.0,140.16666666666666,4.0,546.0,200.0,4.0,2872680.0,5.0,0,1,0,0,1,1
brynary,20.71794871794872,17.333333333333332,0.7878787878787878,0.29292929292929293,0.029433625687527873,0.39,10.750631782369556,0.0,33.0,22.423333333333332,0.0,3432.0,200.0,5.0,2747867.0,9.0,0,1,1,0,1,0
kevinclark,22.666666666666668,4.8478260869565215,0.5217391304347826,0.5,0.0068381150587185965,0.0,2.4976215251969673,9999.0,45.0,6727.0,17.0,223.0,25.0,1.0,792133.0,0.0,0,1,0,0,1,0
technoweenie,152.61111111111111,42.355932203389834,0.4576271186440678,1.073446327683616,0.026311877508547642,0.0,9.610413259997028,9999.0,869.0,6727.0,72.0,7497.0,200.0,1.0,428161.0,0.0,0,1,0,0,1,1
macournoyer,24.22222222222222,60.891891891891895,0.4864864864864865,0.8648648648648649,0.011002081474873625,0.0,4.018510258697591,11.0,11.0,747.3333333333334,43.0,4506.0,200.0,1.0,321693.0,4.0,0,1,1,0,1,0
takeo,11.454545454545455,1.9090909090909092,0.8636363636363636,0.13636363636363635,0.0032708890871245913,0.0,1.194692239072257,9999.0,735.0,6726.0,7.0,42.0,189.0,0.0,28517.0,0.0,0,0,0,0,1,1
caged,54.95454545454545,18.86470588235294,0.27647058823529413,1.1058823529411765,0.02527505203687184,0.0,9.23171275646744,7.0,142.0,1345.2,19.0,3207.0,200.0,2.0,871426.0,1.0,0,1,1,0,1,0
topfunky,5.768339768339768,59.27835051546392,0.27835051546391754,2.2577319587628866,0.014421647338685697,0.0,5.267506690454951,9999.0,1.0,6726.0,3.0,5750.0,200.0,1.0,3720234.0,0.0,0,1,1,0,1,0
anotherjesse,7.897435897435898,2.1316872427983538,0.49382716049382713,0.4691358024691358,0.03613382899628253,0.86,13.197881040892192,3.0,4.0,134.5,100.0,518.0,200.0,1.0,2957736.0,3.0,0,1,0,0,1,0
roland,44.0,0.0,0.0,0.0,0.00014869888475836432,0.0,0.05431226765799256,9999.0,61.0,6725.0,16.0,0.0,3.0,0.0,279.0,0.0,0,0,0,0,0,0
lukas,36.15,49.12068965517241,0.2413793103448276,0.4827586206896552,0.00862453531598513,0.8627450980392157,3.1501115241635684,1.0,1.0,65.93137254901961,27.0,2849.0,85.0,0.0,1664535.0,3.0,0,0,1,0,1,0
fanvsfan,42.0,0.0,0.0,0.0,0.0,0.0,0.0,9999.0,9999.0,6725.0,884.0,0.0,0.0,0.0,0.0,0.0,1,0,0,0,0,1
tomtt,6.538461538461538,3.033333333333333,0.5,0.2777777777777778,0.013382899628252789,0.0,4.888104089219331,9999.0,172.0,6725.0,117.0,273.0,82.0,0.0,703152.0,0.0,0,0,0,1,1,0
railsjitsu,34.0,0.0,0.0,0.0,0.0,0.0,0.0,9999.0,9999.0,6725.0,1291.0,0.0,0.0,0.0,0.0,0.0,1,0,0,0,0,1
nitay,65.0,0.2222222222222222,0.8888888888888888,0.7777777777777778,0.001338887235941684,0.0,0.4890285629277001,0.0,51.0,3361.0,3.0,2.0,91.0,0.0,226872.0,1.0,0,0,0,0,1,0
kevwil,3.5217391304347827,2.6595744680851063,0.48936170212765956,0.3191489361702128,0.00699196667658435,0.0,2.5538158286224335,9999.0,189.0,6722.0,100.0,125.0,200.0,0.0,401939.0,0.0,0,0,1,0,1,1
KirinDave,44.2,7.180722891566265,0.5903614457831325,0.40963855421686746,0.01234935277488469,0.0,4.510601101026633,9999.0,1208.0,6721.0,1221.0,596.0,123.0,0.0,1014934.0,0.0,0,0,1,0,1,1
jamesgolick,22.433333333333334,28.454545454545453,0.4,0.9090909090909091,0.016366612111292964,0.0,5.977905073649754,9999.0,3932.0,6721.0,2567.0,3130.0,200.0,3.0,410057.0,0.0,0,1,0,0,1,1
atmos,8.401197604790418,634.3333333333334,0.0,8.333333333333334,0.00044656147662994937,0.0,0.163106579339089,9999.0,117.0,6718.0,81.0,1903.0,200.0,0.0,1253.0,0.0,0,0,0,0,1,0
errfree,21.0,0.0,0.0,0.0,0.0,0.0,0.0,9999.0,9999.0,6717.0,89.0,0.0,0.0,0.0,0.0,0.0,1,0,0,0,0,1
sethfitz,5.701754385964913,5.759036144578313,0.6445783132530121,0.7259036144578314,0.04942682745273187,0.03125,18.05314872711032,0.0,0.0,209.90625,0.0,1912.0,200.0,7.0,6931192.0,8.0,0,1,0,0,1,0
bmizerany,28.314814814814813,27.363128491620113,0.5642458100558659,0.5139664804469274,0.026648801548310258,0.0,9.733474765520322,19.0,19.0,6717.0,4.0,4898.0,200.0,1.0,298212.0,1.0,0,1,0,0,1,0
jnewland,7.552380952380952,8.518796992481203,0.6015037593984962,0.8721804511278195,0.01980345443716498,0.3422818791946309,7.2332117331745085,0.0,0.0,45.07382550335571,43.0,1133.0,200.0,1.0,1161867.0,8.0,0,1,1,1,1,0
joshknowles,3.4186046511627906,16.642857142857142,0.2857142857142857,0.21428571428571427,0.002084884586746091,1.0,0.7615040953090096,5.0,5.0,6715.0,24.0,233.0,131.0,0.0,4557534.0,1.0,0,0,0,0,1,0
hornbeck,2.8857142857142857,7.25,0.375,3.375,0.0011913626209977663,0.0,0.4351451973194341,9999.0,4235.0,6715.0,40.0,58.0,85.0,0.0,4964.0,0.0,0,0,0,1,1,1
jwhitmire,1.2727272727272727,1.7575757575757576,0.7272727272727273,0.030303030303030304,0.004914370811615785,0.0,1.7949739389426655,9999.0,2035.0,6715.0,91.0,58.0,65.0,0.0,145315.0,0.0,0,0,0,0,1,1
elbowdonkey,4.7,3.0754716981132075,0.6415094339622641,0.05660377358490566,0.0078927773641102,0.0,2.882836932241251,5.0,5.0,671.5,122.0,163.0,122.0,0.0,972063.0,4.0,0,0,0,0,1,0
reinh,219.0,4.826923076923077,0.6153846153846154,0.10576923076923077,0.03097542814594192,0.0,11.313775130305286,9999.0,899.0,6715.0,27.0,1004.0,200.0,0.0,1115385.0,0.0,0,0,0,0,1,1
knzai,7.636363636363637,2.883720930232558,0.7209302325581395,0.13953488372093023,0.006403574087862993,0.0,2.338905435591958,9999.0,263.0,6715.0,6.0,124.0,49.0,1.0,110955.0,0.0,0,1,1,1,1,1
bs,3.3518518518518516,1.0571428571428572,0.6571428571428571,0.6857142857142857,0.005212987786714328,0.0,1.9040437890974082,9999.0,256.0,6714.0,2.0,37.0,200.0,1.0,15345754.0,0.0,0,1,0,0,1,1
rsanheim,7.4411764705882355,3.4464285714285716,0.5892857142857143,0.7678571428571429,0.008342022940563087,0.3333333333333333,3.0469238790406674,0.0,0.0,117.7719298245614,12.0,193.0,48.0,0.0,645801.0,8.0,0,0,1,0,1,0
schacon,506.0,41.111111111111114,0.4829059829059829,5.910256410256411,0.034857738715924326,0.4166666666666667,12.73178906599136,0.0,2.0,22.376666666666665,2.0,9620.0,200.0,8.0,4406061.0,6.0,0,1,0,0,1,0
uggedal,210.0,1.4285714285714286,0.6938775510204082,0.30612244897959184,0.0072992700729927005,1.0,2.666058394160584,19.0,19.0,3356.5,17.0,70.0,0.0,0.0,310988.0,1.0,0,0,0,0,1,0
bruce,8.977777777777778,8.814516129032258,0.47580645161290325,0.45161290322580644,0.018474374255065554,0.0,6.7477651966626935,18.0,68.0,6712.0,74.0,1093.0,200.0,0.0,1316578.0,1.0,0,0,0,0,1,0
sam,43.2,0.975609756097561,0.4146341463414634,0.7560975609756098,0.006108462455303933,0.0,2.231115911799762,9999.0,1097.0,6712.0,117.0,40.0,6.0,1.0,80099.0,0.0,0,1,0,1,1,1
mmower,83.0,6.892857142857143,0.3333333333333333,0.42857142857142855,0.012514898688915376,0.0,4.571066746126341,9999.0,37.0,6712.0,13.0,579.0,119.0,0.0,162117.0,0.0,0,0,1,0,1,0
abhay,100.0,5.22,0.7,0.4,0.007449344457687724,0.4883720930232558,2.720873063170441,1.0,1.0,156.09302325581396,16.0,261.0,8.0,0.0,237310.0,7.0,0,0,1,0,1,0
rabble,3.0902255639097747,0.654320987654321,0.49382716049382713,0.7407407407407407,0.012067938021454111,0.16666666666666666,4.407814362336114,0.0,9.0,22.373333333333335,4.0,53.0,154.0,1.0,1233529.0,7.0,0,1,1,0,1,0
benburkert,40.333333333333336,4.913907284768212,0.5629139072847682,0.31125827814569534,0.022497020262216925,0.2727272727272727,8.217036650774732,9.0,16.0,610.1818181818181,18.0,742.0,129.0,1.0,1138485.0,6.0,0,1,0,0,1,0
indirect,1206.0,10.736263736263735,0.6446886446886447,0.32234432234432236,0.04067948144836835,0.45222929936305734,14.85818059901654,0.0,0.0,42.745222929936304,1.0,2931.0,200.0,9.0,4184970.0,10.0,0,1,0,1,1,0
fearoffish,17.75,1.2985074626865671,0.4626865671641791,6.134328358208955,0.009983609000149008,0.0,3.6465131873044254,9999.0,40.0,6711.0,17.0,87.0,73.0,0.0,1996438.0,0.0,0,0,0,1,1,0
ry,830.05,92.14516129032258,0.5645161290322581,1.435483870967742,0.009238563552376695,0.3786407766990291,3.3743853375055877,3.0,101.0,65.15533980582525,29.0,5713.0,125.0,1.0,1513401.0,9.0,0,1,0,0,1,0
engineyard,28.0,9.549253731343283,0.45671641791044776,1.1940298507462686,0.049918045000745044,0.0,18.23256593652213,9999.0,43.0,6711.0,241.0,3199.0,0.0,0.0,1022570.0,0.0,0,0,0,0,1,0
jsierles,300.0,2.1166666666666667,0.8166666666666667,0.027777777777777776,0.02682163611980331,0.0,9.796602592758157,9999.0,605.0,6711.0,9.0,381.0,89.0,0.0,1067992.0,0.0,0,0,1,1,1,1
tweibley,31.5,0.9411764705882353,0.6470588235294118,12.882352941176471,0.002533154522425868,0.7142857142857143,0.9252346893160482,0.0,0.0,958.7142857142857,127.0,16.0,200.0,0.0,24035.0,3.0,0,0,0,0,1,0
peimei,25.0,3.6,0.2,1.2,0.0007450454477723141,0.0,0.27212784979883775,9999.0,1714.0,6711.0,2374.0,18.0,8.0,0.0,2566.0,0.0,0,0,0,0,0,1
brixen,25.8,2.7445255474452557,0.7445255474452555,0.06569343065693431,0.020414245268961406,0.4444444444444444,7.4563030844881535,3.0,37.0,745.6666666666666,176.0,376.0,200.0,2.0,2733353.0,3.0,0,1,0,1,1,0
tmornini,22.0,2.6470588235294117,0.0,0.11764705882352941,0.002533154522425868,1.0,0.9252346893160482,1.0,1.0,305.04545454545456,77.0,45.0,9.0,0.0,70855.0,1.0,0,0,0,0,1,0
outerim,42.0,0.6296296296296297,0.7407407407407407,0.18518518518518517,0.004023245417970496,0.0,1.4694903889137236,9999.0,985.0,6711.0,3.0,17.0,27.0,2.0,1894585.0,0.0,0,1,0,0,1,1
daksis,1.5081967213114753,0.16666666666666666,0.8333333333333334,0.0,0.000894054537326777,0.0,0.32655341975860525,2.0,1845.0,1118.5,33.0,1.0,200.0,0.0,21916.0,1.0,0,0,0,0,1,1
sr,3.123762376237624,9.22962962962963,0.6222222222222222,0.2814814814814815,0.02011622708985248,0.0,7.347451944568618,2.0,74.0,3355.5,4.0,1246.0,200.0,2.0,1105228.0,1.0,0,1,0,1,1,0
lifo,11.722222222222221,0.0,0.0,0.0,0.0,0.0,0.0,9999.0,9999.0,6711.0,613.0,0.0,33.0,2.0,0.0,0.0,1,1,0,0,1,1
rsl,7.7272727272727275,28.390243902439025,0.5609756097560976,0.4878048780487805,0.006109372671732976,0.0,2.2314483683504696,6.0,194.0,2237.0,166.0,1164.0,49.0,0.0,466106.0,2.0,0,0,0,0,1,1
imownbey,1.696969696969697,1.605263157894737,0.7368421052631579,0.07894736842105263,0.011324690806139175,0.0,4.136343316942334,9999.0,101.0,6711.0,6.0,122.0,189.0,0.0,1532239.0,0.0,0,0,0,0,1,0
dylanegan,138.0,5.236363636363636,0.4,1.1818181818181819,0.008195499925495455,0.0,2.993406347787215,9999.0,1427.0,6711.0,134.0,288.0,34.0,0.0,11855152.0,0.0,0,0,0,0,1,1
jm,17.774193548387096,14.235294117647058,0.4411764705882353,0.4852941176470588,0.020265236179406943,0.0,7.401877514528386,20.0,21.0,1677.75,72.0,1936.0,144.0,2.0,1313076.0,3.0,0,1,1,0,1,0
kmarsh,3.3076923076923075,1.3709677419354838,0.5806451612903226,0.14516129032258066,0.009238563552376695,0.0,3.3743853375055877,11.0,537.0,3355.5,5.0,85.0,200.0,2.0,198980.0,1.0,0,1,0,0,1,1
jvantuyl,4.5,6.333333333333333,0.7126436781609196,0.19540229885057472,0.012963790791238265,0.14285714285714285,4.735024586499776,2.0,24.0,479.35714285714283,2.0,551.0,82.0,0.0,253715.0,9.0,0,0,0,1,1,0
BrianTheCoder,3.7096774193548385,1.6238532110091743,0.6513761467889908,0.01834862385321101,0.016241990761436446,0.0,5.932387125614662,9999.0,3747.0,6711.0,2047.0,177.0,200.0,0.0,584721.0,0.0,0,0,0,0,1,1
freeformz,6.35,1.567251461988304,0.7251461988304093,0.029239766081871343,0.02548055431381314,0.0,9.30677246312025,15.0,3.0,335.55,19.0,268.0,200.0,1.0,3774763.0,5.0,0,1,1,0,1,0
hassox,4.822784810126582,7.632911392405063,0.5886075949367089,0.36075949367088606,0.023543436149605124,0.2631578947368421,8.599240053643273,1.0,86.0,353.2105263157895,10.0,1206.0,200.0,2.0,651610.0,4.0,0,1,0,0,1,0
automatthew,5.875,5.0,0.23809523809523808,0.8095238095238095,0.0031296572280178838,0.0,1.1431073025335319,9999.0,1243.0,6710.0,1922.0,105.0,70.0,1.0,35867.0,0.0,0,1,0,0,1,1
queso,16.043478260869566,3.489130434782609,0.532608695652174,0.5652173913043478,0.013710879284649776,0.4,5.0078986587183305,7.0,2.0,1342.0,8.0,321.0,46.0,1.0,497908.0,4.0,0,1,0,1,1,0
lancecarlson,1.5046728971962617,1.9366197183098592,0.5563380281690141,0.09154929577464789,0.021162444113263786,0.0,7.729582712369597,5.0,84.0,2236.6666666666665,1.0,275.0,200.0,2.0,489340.0,1.0,0,1,0,1,1,0
drnic,131.42857142857142,6.9768451519536905,0.6700434153400868,0.35745296671490595,0.10298062593144561,0.0,37.61367362146051,9999.0,63.0,6710.0,13.0,4821.0,200.0,1.0,7187119.0,0.0,0,1,1,0,1,0
lukesutton,18.0,0.7222222222222222,0.3333333333333333,2.0,0.002682563338301043,0.0,0.979806259314456,1.0,1324.0,745.5555555555555,10.0,13.0,200.0,0.0,441988.0,3.0,0,0,0,0,1,1
danwrong,12.32258064516129,79.61764705882354,0.35294117647058826,4.264705882352941,0.005067819347145625,0.0,1.8510210165449397,9.0,224.0,6709.0,30.0,2707.0,42.0,0.0,78855.0,1.0,0,0,0,0,1,1
HamptonMakes,101.0,7.3164556962025316,0.5949367088607594,0.3037974683544304,0.01177522730660307,0.3217821782178218,4.300901773736772,4.0,12.0,33.21287128712871,6.0,578.0,66.0,3.0,1104086.0,9.0,0,1,1,1,1,0
jfrost,34.0,0.08333333333333333,0.6666666666666666,0.0,0.0017886421225219854,0.0,0.6533015352511552,9999.0,1419.0,6709.0,976.0,1.0,46.0,0.0,163130.0,0.0,0,0,0,0,1,1
mattetti,112.8,11.90228013029316,0.5342019543973942,0.3517915309446254,0.045759427634520795,0.0,16.713630943508722,8.0,10.0,3354.5,51.0,3654.0,200.0,3.0,6387045.0,2.0,0,1,1,0,1,0
ctennis,41.0,3.8,0.8,0.3,0.0014905351021016545,0.7857142857142857,0.5444179460426294,6.0,1288.0,159.73809523809524,13.0,38.0,3.0,0.0,44914.0,6.0,0,0,0,0,1,1
lawrencepit,8.5,6.7407407407407405,0.7037037037037037,0.37037037037037035,0.004024444775674467,0.0,1.4699284543150992,9999.0,552.0,6709.0,21.0,182.0,78.0,0.0,307191.0,0.0,0,0,0,0,1,1
marcjeanson,2.142857142857143,0.0967741935483871,0.6129032258064516,0.0,0.004620658816515129,0.0,1.687695632732151,9999.0,520.0,6709.0,19.0,3.0,22.0,0.0,26081.0,0.0,0,0,0,0,1,1
grempe,5.133333333333334,34.19565217391305,0.41304347826086957,1.8478260869565217,0.006856461469667611,0.25675675675675674,2.504322551796095,2.0,2.0,90.66216216216216,109.0,1573.0,200.0,0.0,136355.0,7.0,0,0,1,0,1,0
peterc,11.952380952380953,49.86,0.12,0.8,0.007453786523553965,0.4838709677419355,2.722495527728086,3.0,3.0,216.38709677419354,3.0,2493.0,200.0,0.0,105509.0,8.0,0,0,0,0,1,0
ministrycentered,23.0,1.375,0.8611111111111112,0.2361111111111111,0.01073345259391771,0.0,3.920393559928444,9999.0,1495.0,6708.0,74.0,99.0,0.0,0.0,393080.0,0.0,0,0,0,0,1,1
afarnham,2.4,0.14893617021276595,0.6808510638297872,0.0425531914893617,0.007006559332140727,0.0,2.5591457960644006,9999.0,109.0,6708.0,4.0,7.0,70.0,0.0,369262.0,0.0,0,0,0,0,1,0
up_the_irons,6.222222222222222,3.3877551020408165,0.6122448979591837,0.7551020408163265,0.007305799910541226,0.0,2.6684434173251828,27.0,93.0,6707.0,17.0,166.0,35.0,4.0,3160709.0,1.0,0,1,1,0,1,0
cristibalan,3.515151515151515,21.5,0.375,0.9166666666666666,0.0035783509765916206,0.0,1.3069926942000893,9999.0,584.0,6707.0,58.0,516.0,200.0,1.0,142055.0,0.0,0,1,0,1,1,1
heavysixer,3.15,31.363636363636363,0.36363636363636365,2.727272727272727,0.0032801550618756525,0.0,1.1980766363500819,9999.0,113.0,6707.0,25.0,690.0,169.0,1.0,698788.0,0.0,0,1,1,1,1,0
brosner,9.198198198198199,12.189655172413794,0.5172413793103449,0.8103448275862069,0.017295363053526167,0.0,6.3171313553004325,9999.0,50.0,6707.0,105.0,1414.0,20.0,2.0,7855305.0,0.0,0,1,0,0,1,0
danielmorrison,7.473684210526316,1.25,0.8333333333333334,0.2222222222222222,0.005367526464887431,0.0,1.9604890413001341,12.0,166.0,6707.0,65.0,45.0,31.0,2.0,793611.0,1.0,0,1,1,0,1,0
danielharan,3.2857142857142856,7.121212121212121,0.24242424242424243,0.15151515151515152,0.004920232592813478,0.0,1.797114954525123,9999.0,4664.0,6707.0,241.0,235.0,70.0,0.0,69408.0,0.0,0,0,0,0,1,1
kvnsmth,146.0,1.28125,0.78125,0.1875,0.0047711346354554944,0.0,1.7426569256001192,9999.0,1866.0,6707.0,360.0,41.0,200.0,0.0,248984.0,0.0,0,0,0,0,1,1
collectiveidea,78.0,99.76086956521739,0.3695652173913043,3.244565217391304,0.027434024153869092,0.0,10.020277322200686,9999.0,48.0,6707.0,202.0,18356.0,0.0,0.0,578345.0,0.0,0,0,0,0,1,0
canadaduane,9.625,4.034220532319392,0.5703422053231939,0.39543726235741444,0.039212762785149846,0.43103448275862066,14.32246160727598,2.0,109.0,115.63793103448276,134.0,1061.0,200.0,3.0,6503895.0,6.0,0,1,1,0,1,0
corasaurus-hex,45.666666666666664,1.24,0.42,0.74,0.007454897867899209,0.0,2.7229014462501864,6.0,12.0,1676.75,3.0,62.0,200.0,0.0,738378.0,2.0,0,0,0,0,1,0
dstrelau,2.909090909090909,0.5686274509803921,0.7058823529411765,0.5098039215686274,0.00760512973456606,0.8125,2.777773635550253,9.0,9.0,419.125,5.0,29.0,200.0,1.0,833178.0,3.0,0,1,0,0,1,0
sunny,2.5364238410596025,5.848,0.704,0.32,0.03728004771846108,0.13043478260869565,13.616537429167908,6.0,6.0,291.5652173913044,74.0,1462.0,200.0,6.0,5915867.0,7.0,0,1,1,0,1,0
dkubb,144.5,38.0,0.3333333333333333,1.8333333333333333,0.008052490307187594,0.5625,2.941172084700268,0.0,0.0,419.125,1.0,2052.0,135.0,1.0,279429.0,6.0,0,1,0,1,1,0
jnicklas,109.125,10.582781456953642,0.5695364238410596,0.5562913907284768,0.02251714882195049,0.6666666666666666,8.224388607217417,13.0,0.0,745.1111111111111,12.0,1598.0,156.0,2.0,1335015.0,4.0,0,1,1,0,1,0
richcollins,19.0,1.1,0.7,0.8333333333333334,0.0044736057262153295,0.0,1.633984491500149,9999.0,190.0,6706.0,5.0,33.0,31.0,1.0,671670.0,0.0,0,1,0,0,1,1
simonjefford,15.0,1.7222222222222223,0.6111111111111112,0.34444444444444444,0.013420817178645988,0.0,4.901953474500447,9999.0,116.0,6706.0,238.0,155.0,48.0,0.0,759682.0,0.0,0,0,0,0,1,0
josh,13.44502617801047,38.546875,0.03125,0.0,0.009543692215926037,0.7045454545454546,3.4858335818669843,0.0,0.0,38.10227272727273,3.0,2467.0,200.0,0.0,2942691.0,6.0,0,0,0,0,0,0
stevedekorte,37.1578947368421,83.82352941176471,0.11764705882352941,0.8823529411764706,0.0025350432448553533,0.8428571428571429,0.9259245451834177,0.0,0.0,95.8,2.0,1425.0,140.0,1.0,256828.0,7.0,0,1,0,0,1,0
leahneukirchen,166.33333333333334,42.839622641509436,0.3632075471698113,0.7075471698113207,0.031613480465254994,0.6041666666666666,11.546823739934386,1.0,3.0,139.70833333333334,23.0,9082.0,50.0,2.0,36808935.0,6.0,0,1,0,0,1,0
jwreagor,9.142857142857142,1.8297872340425532,0.6595744680851063,0.3191489361702128,0.0070096942580164055,0.0,2.5602908277404923,9999.0,2440.0,6705.0,24.0,86.0,200.0,0.0,576019.0,0.0,0,0,0,0,1,1
technomancy,0.0,186.90140845070422,0.11267605633802817,3.380281690140845,0.010589112602535422,0.2653061224489796,3.867673378076063,2.0,6.0,68.41836734693878,14.0,13270.0,0.0,0.0,348439.0,8.0,0,0,0,0,1,0
kenphused,18.0,0.5,1.0,0.0,0.0002982848620432513,0.0,0.10894854586129754,9999.0,52.0,6705.0,5.0,1.0,7.0,0.0,3116.0,0.0,0,0,0,0,1,0
rubyist,409.0,19.846153846153847,0.32051282051282054,0.9102564102564102,0.011634844868735084,0.0,4.249627088305489,9999.0,126.0,6704.0,23.0,1548.0,117.0,1.0,89796.0,0.0,0,1,0,0,1,0
ogc,11.0,1.5,0.0,0.0,0.0002983293556085919,0.0,0.10896479713603818,9999.0,4904.0,6704.0,2309.0,3.0,0.0,0.0,3796.0,0.0,0,0,0,0,1,1
lazyatom,13.444444444444445,5.313725490196078,0.46078431372549017,0.30392156862745096,0.015214797136038186,0.5454545454545454,5.557204653937948,4.0,0.0,609.4545454545455,1.0,542.0,64.0,0.0,1366460.0,5.0,0,0,1,0,1,0
jdhuntington,3.0434782608695654,0.5471698113207547,0.49056603773584906,1.528301886792453,0.01581381470983142,0.0,5.775995822765926,9999.0,26.0,6703.0,41.0,58.0,57.0,3.0,786577.0,0.0,0,1,0,0,1,0
nwebb,16.0,0.0,0.0,0.0,0.0,0.0,0.0,9999.0,9999.0,6703.0,3046.0,0.0,9.0,0.0,0.0,0.0,1,0,0,0,0,1
nsutton,16.0,0.0,0.0,0.0,0.0,0.0,0.0,9999.0,9999.0,6703.0,2567.0,0.0,1.0,0.0,0.0,0.0,1,0,0,0,0,1
sevenwire,12.0,61.5,0.5,0.42857142857142855,0.002088617037147546,0.0,0.7628673728181411,9999.0,2152.0,6703.0,104.0,861.0,0.0,0.0,2549.0,0.0,0,0,0,0,1,1
brandonarbini,7.6,2.2857142857142856,0.14285714285714285,0.14285714285714285,0.001044308518573773,0.0,0.38143368640907055,9999.0,128.0,6703.0,5.0,16.0,23.0,2.0,31065.0,0.0,0,1,0,0,1,0
al3x,20.452830188679247,10.74468085106383,0.5106382978723404,0.1702127659574468,0.007011785767566761,0.0,2.5610547516037596,9999.0,1439.0,6703.0,55.0,505.0,200.0,0.0,202220.0,0.0,0,0,0,0,1,1
toolmantim,7.313432835820896,9.355140186915888,0.4953271028037383,1.0,0.015963001641056244,0.5,5.830486349395793,3.0,55.0,1675.75,10.0,1001.0,149.0,3.0,2751358.0,2.0,0,1,0,0,1,0
nicksieger,15.571428571428571,5.318181818181818,0.7363636363636363,0.15454545454545454,0.016410562434730717,0.13333333333333333,5.993957929285394,4.0,10.0,446.8666666666667,33.0,585.0,200.0,6.0,3832177.0,6.0,0,1,0,0,1,0
jicksta,8.916666666666666,6.862745098039215,0.45098039215686275,0.17647058823529413,0.00760853349246606,0.0,2.7790168581232284,9999.0,1644.0,6703.0,102.0,350.0,200.0,1.0,114851.0,0.0,0,1,0,1,1,1
joshsusser,28.363636363636363,41.8,0.2,1.2,0.001491869312248247,0.0,0.5449052662986722,9999.0,5136.0,6703.0,84.0,418.0,75.0,1.0,3246.0,0.0,0,1,0,0,1,1
jcrosby,11.222222222222221,17.785714285714285,0.5714285714285714,0.14285714285714285,0.004177234074295092,0.5,1.5257347456362822,19.0,111.0,3351.5,59.0,498.0,100.0,1.0,26426.0,2.0,0,1,0,0,1,0
thewoolleyman,2.9272727272727272,1.4137931034482758,0.41810344827586204,0.09482758620689655,0.03461136804415933,0.18666666666666668,12.641802178129195,0.0,0.0,22.343333333333334,3.0,328.0,200.0,3.0,1686636.0,4.0,0,1,1,0,1,0
technicalpickles,5.177339901477833,12.556372549019608,0.678921568627451,0.3872549019607843,0.06086826793972848,0.3277777777777778,22.232134864985827,0.0,0.0,37.23888888888889,21.0,5123.0,200.0,2.0,4896908.0,11.0,0,1,1,0,1,0
halbtuerke,2.264705882352941,1.0759493670886076,0.7088607594936709,0.1518987341772152,0.011787526111608475,0.0,4.305393912264996,11.0,200.0,3351.0,22.0,85.0,200.0,0.0,365593.0,1.0,0,0,0,0,1,1
ryanb,80.14432989690722,338.64864864864865,0.3108108108108108,13.256756756756756,0.01104148015517756,1.0,4.032900626678603,2.0,2.0,3351.0,93.0,25060.0,200.0,2.0,175081.0,1.0,0,1,0,0,1,0
cnix,2.45,1.12,0.56,0.04,0.0037302297821545805,0.0,1.3624664279319605,9999.0,123.0,6702.0,0.0,28.0,38.0,0.0,529685.0,0.0,0,0,0,0,1,0
tpitale,2.028169014084507,26.340425531914892,0.2978723404255319,1.7659574468085106,0.007012831990450612,0.0,2.561436884512086,9999.0,151.0,6702.0,139.0,1238.0,200.0,2.0,2218812.0,0.0,0,1,0,1,1,0
cdcarter,3.6,1.2307692307692308,0.5494505494505495,0.5054945054945055,0.013578036407042674,0.0,4.959377797672336,9999.0,917.0,6702.0,542.0,112.0,32.0,0.0,698818.0,0.0,0,0,0,0,1,1
atduskgreg,18.512820512820515,14.921052631578947,0.2631578947368421,0.5570175438596491,0.03401969561324977,0.0,12.425693822739479,9999.0,1098.0,6702.0,1019.0,3402.0,200.0,0.0,3903938.0,0.0,0,0,0,0,1,1
heff,37.666666666666664,0.8354430379746836,0.6708860759493671,0.06329113924050633,0.011787526111608475,0.0,4.305393912264996,6.0,61.0,478.7142857142857,0.0,66.0,134.0,7.0,742622.0,5.0,0,1,1,0,1,0
entryway,10.0,1.7142857142857142,0.14285714285714285,0.8571428571428571,0.001044620205939412,0.0,0.38154753021937027,9999.0,1115.0,6701.0,2567.0,12.0,0.0,0.0,22054.0,0.0,0,0,0,0,1,1
aflatter,2.375,4.391304347826087,0.7536231884057971,0.2898550724637681,0.010296970601402776,0.0,3.760968512162364,9999.0,494.0,6701.0,21.0,303.0,184.0,3.0,364664.0,0.0,0,1,0,0,1,1
schofield,29.0,0.1111111111111111,1.0,0.0,0.0026861662438442025,0.0,0.9811222205640949,9999.0,914.0,6701.0,48.0,2.0,5.0,0.0,86772.0,0.0,0,0,0,0,1,1
rbazinet,0.4642857142857143,0.6530612244897959,0.7346938775510204,0.3877551020408163,0.007312341441575884,0.3333333333333333,2.6708327115355917,2.0,23.0,223.36666666666667,11.0,32.0,200.0,1.0,239054.0,6.0,0,1,1,1,1,0
tranqy,2.6363636363636362,1.8181818181818181,0.5757575757575758,0.06060606060606061,0.004924638113714371,0.025,1.798724071034174,2.0,9.0,167.525,56.0,60.0,200.0,0.0,767380.0,3.0,0,0,1,0,1,0
robey,33.11764705882353,0.0,1.0,0.0,0.00014923145799134458,0.0,0.05450679003133861,12.0,283.0,6701.0,97.0,0.0,200.0,0.0,290.0,1.0,0,0,0,0,1,1
bkeepers,29.26027397260274,47.40487804878049,0.7073170731707317,0.751219512195122,0.030597014925373135,0.4221105527638191,11.175559701492537,0.0,67.0,33.66834170854271,2.0,9718.0,200.0,3.0,1670581.0,12.0,0,1,0,1,1,0
wilson,6.421052631578948,0.8765432098765432,0.6790123456790124,0.14814814814814814,0.01208955223880597,0.05263157894736842,4.415708955223881,0.0,24.0,352.63157894736844,13.0,71.0,200.0,1.0,2895301.0,2.0,0,1,1,0,1,0
tommorris,3.5285714285714285,1.3020134228187918,0.6375838926174496,0.1342281879194631,0.022238805970149253,0.0,8.122723880597015,9999.0,61.0,6700.0,74.0,194.0,153.0,4.0,18903159.0,0.0,0,1,0,0,1,0
charlesroper,1.0508474576271187,2.388059701492537,0.5671641791044776,0.208955223880597,0.01000149276011345,0.0,3.6530452306314376,26.0,50.0,3349.5,69.0,160.0,200.0,0.0,983756.0,1.0,0,0,1,0,1,0
adamwiggins,64.875,38.84313725490196,0.35294117647058826,0.9411764705882353,0.01522615315718764,0.0,5.561352440662786,9999.0,59.0,6699.0,15.0,3962.0,121.0,0.0,159204.0,0.0,0,0,0,0,1,0
myobie,4.979166666666667,2.204301075268817,0.43010752688172044,0.08064516129032258,0.027765338110165697,0.46153846153846156,10.141289744738021,3.0,3.0,515.3076923076923,13.0,410.0,200.0,1.0,1030958.0,4.0,0,1,1,0,1,0
samgranieri,0.628099173553719,0.9871794871794872,0.7948717948717948,0.038461538461538464,0.011643528884908196,0.0,4.252798925212718,16.0,223.0,1674.75,2.0,77.0,200.0,1.0,1505001.0,1.0,0,1,0,0,1,1
adam,0.0,1.9166666666666667,0.4166666666666667,0.0,0.0017913121361397223,0.0,0.6542767577250336,9999.0,393.0,6699.0,106.0,23.0,0.0,0.0,249906.0,0.0,0,0,0,0,1,1
mtodd,1.8283018867924528,4.037037037037037,0.5246913580246914,0.24074074074074073,0.02418271383788625,0.0,8.832736229287953,9.0,255.0,1339.8,2.0,654.0,200.0,3.0,1044891.0,2.0,0,1,1,0,1,1
timcharper,8.27027027027027,9.451456310679612,0.6359223300970874,0.9320388349514563,0.030755449387876978,0.0,11.233427888922066,9999.0,8.0,6698.0,1.0,1947.0,200.0,1.0,3736283.0,0.0,0,1,0,0,1,0
paul,50.0,5.47191011235955,0.5955056179775281,0.2696629213483146,0.0265750970438937,0.0,9.706554195282173,24.0,54.0,3349.0,51.0,974.0,155.0,1.0,1757652.0,2.0,0,1,0,1,1,0
DocSavage,6.0,7.518518518518518,0.691358024691358,0.1111111111111111,0.012093162137951627,0.5964912280701754,4.417027470886832,0.0,1.0,117.50877192982456,8.0,609.0,200.0,1.0,1351594.0,4.0,0,1,1,0,1,0
shane,17.0,7.0,0.0,1.0,0.00014929829799940282,0.0,0.05453120334428187,9999.0,5344.0,6698.0,2567.0,7.0,5.0,0.0,96.0,0.0,0,0,0,0,0,1
vlucas,25.8,165.33333333333334,0.32407407407407407,1.9074074074074074,0.016124216183935502,0.6,5.889369961182442,3.0,3.0,334.9,40.0,17856.0,200.0,3.0,1391458.0,4.0,0,1,0,0,1,0
nex3,0.0,11.359756097560975,0.7195121951219512,0.4451219512195122,0.02448492087190206,0.37222222222222223,8.943117348462227,2.0,0.0,37.21111111111111,110.0,1863.0,0.0,0.0,5268017.0,8.0,0,0,0,0,1,0
max-xx,17.0,0.0,0.0,0.0,0.0,0.0,0.0,9999.0,9999.0,6698.0,2567.0,0.0,6.0,0.0,0.0,0.0,1,0,0,0,0,1
norbauer,38.0,14.181818181818182,0.0,0.0,0.0016422812779934308,0.0,0.5998432367871006,9999.0,4988.0,6698.0,2567.0,156.0,12.0,0.0,2569.0,0.0,0,0,0,0,0,1
crigor,54.0,0.9375,0.5625,0.1625,0.011943863839952225,0.0,4.36249626754255,9999.0,144.0,6698.0,23.0,75.0,61.0,0.0,797405.0,0.0,0,0,0,0,1,0
knowtheory,2.5760869565217392,1.0454545454545454,0.6060606060606061,0.3939393939393939,0.009855159026429744,0.0,3.5995968344034646,9999.0,33.0,6697.0,62.0,69.0,200.0,3.0,3144571.0,0.0,0,1,0,0,1,0
bernerdschaefer,141.0,6.146341463414634,0.43902439024390244,0.573170731707317,0.01224428848738241,0.0,4.4722263700164255,9999.0,665.0,6697.0,509.0,504.0,41.0,0.0,635550.0,0.0,0,0,0,0,1,1
zapnap,4.086206896551724,13.991666666666667,0.6083333333333333,0.4083333333333333,0.01791847095714499,0.9516129032258065,6.544721517097208,3.0,14.0,108.01612903225806,13.0,1679.0,200.0,2.0,864540.0,3.0,0,1,0,1,1,0
testdude,15.0,0.0,0.0,0.0,0.0,0.0,0.0,9999.0,9999.0,6697.0,2567.0,0.0,0.0,0.0,0.0,0.0,1,0,0,0,0,1
galinv,15.0,0.0,1.0,0.0,0.00029864118261908315,0.0,0.10907869195162014,9999.0,1270.0,6697.0,479.0,0.0,6.0,0.0,353864.0,0.0,0,0,0,0,1,1
NZKoz,403.0,11.725,0.825,0.3,0.005972823652381664,0.0,2.181573839032403,9999.0,1796.0,6697.0,23.0,469.0,54.0,1.0,509005.0,0.0,0,1,0,0,1,1
croaky,1.191891891891892,22.066666666666666,0.06666666666666667,0.9333333333333333,0.002239808869643124,1.0,0.818090189637151,2.0,2.0,3348.5,17.0,331.0,200.0,0.0,230563.0,1.0,0,0,0,0,1,0
jeremy,12.661417322834646,3.6027397260273974,0.8904109589041096,0.136986301369863,0.010900403165596536,0.2866666666666667,3.9813722562341347,3.0,91.0,22.323333333333334,18.0,263.0,27.0,6.0,994906.0,8.0,0,1,1,0,1,0
ELLIOTTCABLE,0.5883054892601431,3.811320754716981,0.5509433962264151,1.4226415094339622,0.03956995669702852,0.6666666666666666,14.452926683589668,0.0,0.0,186.02777777777777,153.0,1010.0,200.0,3.0,6188767.0,4.0,0,1,0,1,1,0
monde,3.4411764705882355,4.0,0.6363636363636364,0.7272727272727273,0.003285053008809915,0.0,1.1998656114678214,9999.0,74.0,6697.0,48.0,88.0,75.0,0.0,808906.0,0.0,0,0,0,1,1,0
ryanbriones,4.515151515151516,2.6527777777777777,0.20833333333333334,0.06944444444444445,0.010751082574286995,0.0,3.926832910258325,9999.0,555.0,6697.0,154.0,191.0,94.0,2.0,207600.0,0.0,0,1,0,0,1,1
wfarr,9.117647058823529,2.7814207650273226,0.6065573770491803,0.22404371584699453,0.02732566820964611,0.0,9.980700313573243,9999.0,88.0,6697.0,38.0,509.0,200.0,1.0,3600993.0,0.0,0,1,0,1,1,0
jseifer,11.80952380952381,4.466666666666667,0.7333333333333333,0.06666666666666667,0.002239808869643124,0.0,0.818090189637151,9999.0,4007.0,6697.0,2567.0,67.0,55.0,0.0,9836.0,0.0,0,0,0,0,1,1
symlink,1.65,0.0,0.3333333333333333,0.3333333333333333,0.0004479617739286248,0.0,0.1636180379274302,9999.0,61.0,6697.0,12.0,0.0,31.0,1.0,8165.0,0.0,0,1,0,0,1,0
sprsquish,3.793103448275862,2.125,0.625,0.25,0.0011945647304763326,0.16666666666666666,0.43631476780648054,3.0,74.0,1116.1666666666667,179.0,17.0,200.0,0.0,32652.0,4.0,0,0,0,0,1,0
codahale,116.47368421052632,28.02962962962963,0.014814814814814815,0.6,0.020161290322580645,0.9777777777777777,7.363911290322581,0.0,0.0,148.8,125.0,3784.0,13.0,0.0,82899.0,2.0,0,0,0,0,1,0
zackchandler,28.0,5.65,0.3,0.0,0.002986857825567503,0.0,1.0909498207885304,9999.0,98.0,6696.0,63.0,113.0,19.0,0.0,13163.0,0.0,0,0,0,0,1,0
jakehow,4.583333333333333,2.5789473684210527,0.8070175438596491,0.05263157894736842,0.008512544802867384,0.038461538461538464,3.109206989247312,23.0,1195.0,257.53846153846155,37.0,147.0,138.0,2.0,576452.0,2.0,0,1,0,0,1,1
evan,32.142857142857146,23.666666666666668,0.45098039215686275,1.1764705882352942,0.0076164874551971325,0.0,2.7819220430107525,9999.0,80.0,6696.0,17.0,1207.0,116.0,0.0,581609.0,0.0,0,0,0,0,1,0
olleolleolle,1.161473087818697,0.042473454091193005,0.6164896939412867,0.004996876951905059,0.23909796893667862,0.28859060402684567,87.33053315412187,1.0,2.0,44.939597315436245,69.0,68.0,200.0,8.0,8307303.0,11.0,0,1,0,0,1,0
chrismcg,5.714285714285714,3.272727272727273,0.13636363636363635,0.36363636363636365,0.0032855436081242534,0.0,1.2000448028673836,9999.0,101.0,6696.0,23.0,72.0,200.0,1.0,162452.0,0.0,0,1,0,0,1,0
chuyeow,2.732142857142857,2.617283950617284,0.691358024691358,0.18518518518518517,0.012096774193548387,0.8461538461538461,4.418346774193548,0.0,0.0,257.53846153846155,0.0,212.0,200.0,0.0,670859.0,4.0,0,0,0,1,1,0
mloughran,11.5,39.19047619047619,0.5238095238095238,1.3333333333333333,0.0031362007168458782,0.0,1.145497311827957,9999.0,282.0,6696.0,2.0,823.0,48.0,1.0,615678.0,0.0,0,1,0,0,1,1
matthewford,1.5,0.7142857142857143,0.8809523809523809,0.0,0.012544802867383513,0.46153846153846156,4.581989247311828,12.0,25.0,515.0769230769231,3.0,60.0,200.0,1.0,1901372.0,7.0,0,1,1,1,1,0
henrik,19.217391304347824,8.295774647887324,0.7394366197183099,0.35563380281690143,0.04241338112305854,0.30303030303030304,15.491487455197133,3.0,74.0,202.9090909090909,5.0,2356.0,200.0,3.0,12449865.0,3.0,0,1,1,0,1,0
tkersey,1.4690117252931323,3.6379310344827585,0.5862068965517241,0.034482758620689655,0.008661887694145758,0.12666666666666668,3.1637544802867383,0.0,0.0,22.32,27.0,211.0,200.0,1.0,762305.0,2.0,0,1,1,0,1,0
acf,21.333333333333332,0.0,0.6,0.0,0.0007467144563918758,0.0,0.2727374551971326,9999.0,560.0,6696.0,2.0,0.0,3.0,0.0,102016.0,0.0,0,0,0,0,1,1
dan,30.375,2.1,0.1,0.0,0.0014934289127837516,0.0,0.5454749103942652,9999.0,44.0,6696.0,59.0,21.0,107.0,1.0,18341.0,0.0,0,1,0,1,1,0
seebq,5.388888888888889,1.1428571428571428,0.6071428571428571,0.14285714285714285,0.004181600955794504,0.0,1.5273297491039426,9999.0,162.0,6696.0,2.0,32.0,30.0,3.0,364428.0,0.0,0,1,1,0,1,0
delynn,3.6923076923076925,4.055555555555555,0.7592592592592593,0.3888888888888889,0.008064516129032258,0.16666666666666666,2.9455645161290325,13.0,13.0,558.0,62.0,219.0,18.0,0.0,543090.0,6.0,0,0,0,0,1,0
spicycode,9.709677419354838,15.9,0.45,0.275,0.005973715651135006,0.6470588235294118,2.181899641577061,1.0,1.0,393.88235294117646,16.0,636.0,200.0,0.0,206493.0,5.0,0,0,0,0,1,0
ntalbott,3.0434782608695654,11.318181818181818,0.4090909090909091,0.36363636363636365,0.0032855436081242534,0.0,1.2000448028673836,9999.0,3811.0,6696.0,214.0,249.0,26.0,0.0,28300.0,0.0,0,0,0,0,1,1
rdempsey,4.681818181818182,2.5,0.24,0.04,0.007467144563918757,0.0,2.727374551971326,9999.0,1093.0,6696.0,46.0,125.0,200.0,0.0,275455.0,0.0,0,0,0,1,1,1
mjankowski,210.0,0.2553191489361702,1.0,0.0425531914893617,0.007019115890083632,0.38333333333333336,2.5637320788530467,0.0,0.0,22.32,11.0,12.0,3.0,0.0,1141370.0,7.0,0,0,1,1,1,0
danahern,21.0,0.4,0.5,0.13333333333333333,0.004480286738351254,0.2857142857142857,1.6364247311827957,27.0,27.0,956.5714285714286,16.0,12.0,47.0,0.0,5790854.0,5.0,0,0,1,0,1,0
dctanner,9.5,0.15789473684210525,0.6842105263157895,0.0,0.002837514934289128,0.5,1.0364023297491038,4.0,4.0,1674.0,12.0,3.0,200.0,0.0,276079.0,2.0,0,0,1,0,1,0
alexvollmer,11.125,11.818181818181818,0.48484848484848486,0.09090909090909091,0.00492831541218638,0.0,1.8000672043010753,9999.0,745.0,6696.0,16.0,390.0,41.0,0.0,217213.0,0.0,0,0,0,0,1,1
RailsAddict,9.0,2.0,0.0,0.0,0.00014934289127837514,0.0,0.05454749103942652,9999.0,6478.0,6696.0,1930.0,2.0,1.0,0.0,80.0,0.0,0,0,0,0,0,1
scharfie,5.428571428571429,1.3070175438596492,0.7192982456140351,0.14035087719298245,0.017025089605734768,0.0,6.218413978494624,13.0,318.0,6696.0,181.0,149.0,200.0,0.0,282475.0,1.0,0,0,0,0,1,1
jhardy-deleteme,12.0,0.0,0.0,0.0,0.0,0.0,0.0,9999.0,9999.0,6696.0,4084.0,0.0,0.0,0.0,0.0,0.0,1,0,0,0,0,1
daikini,37.0,4.696969696969697,0.5454545454545454,0.21212121212121213,0.00492831541218638,0.0,1.8000672043010753,9999.0,1200.0,6696.0,21.0,155.0,200.0,1.0,445811.0,0.0,0,1,0,1,1,1
tdreyno,418.0,16.0,0.08163265306122448,1.836734693877551,0.007317801672640382,0.581081081081081,2.6728270609319,3.0,2.0,90.48648648648648,84.0,784.0,24.0,1.0,126405.0,5.0,0,1,0,0,1,0
ryenski,0.9180327868852459,1.4946236559139785,0.7526881720430108,0.010752688172043012,0.013888888888888888,0.20555555555555555,5.072916666666667,0.0,4.0,37.2,2.0,139.0,200.0,2.0,959586.0,8.0,0,1,0,1,1,0
jnunemaker,7.249110320284697,122.41558441558442,0.2987012987012987,1.3766233766233766,0.011499402628434886,0.19230769230769232,4.200156810035843,6.0,23.0,257.53846153846155,3.0,9426.0,200.0,1.0,57448.0,6.0,0,1,1,0,1,0
shayarnett,3.891891891891892,1.196078431372549,0.7843137254901961,0.0,0.02858744394618834,0.0,10.441563901345292,9999.0,87.0,1784.0,101.0,61.0,7.0,0.0,569300.0,0.0,0,0,0,0,1,0
chad,10.747252747252746,7.833333333333333,0.4824561403508772,0.868421052631579,0.017025089605734768,0.8865248226950354,6.218413978494624,0.0,0.0,47.48936170212766,2.0,893.0,131.0,0.0,1019518.0,4.0,0,0,1,0,1,0
superphly,3.0,0.16666666666666666,0.3888888888888889,0.16666666666666666,0.002688172043010753,0.0,0.9818548387096774,14.0,874.0,6696.0,17.0,3.0,29.0,1.0,195496.0,1.0,0,1,0,1,1,1
swhitt,1.3214285714285714,1.9333333333333333,0.26666666666666666,0.1,0.004480286738351254,0.9705882352941176,1.6364247311827957,0.0,0.0,39.38823529411765,2.0,58.0,89.0,0.0,482471.0,4.0,0,0,0,0,1,0
bryanl,81.28571428571429,1.8425196850393701,0.4921259842519685,0.4763779527559055,0.03793309438470729,0.0,13.855062724014337,9999.0,99.0,6696.0,230.0,468.0,147.0,2.0,3077066.0,0.0,0,1,0,1,1,0
jschairb,1.78125,0.6962025316455697,0.4050632911392405,0.5949367088607594,0.011798088410991637,0.20175438596491227,4.309251792114695,0.0,22.0,58.73684210526316,3.0,55.0,200.0,0.0,1552124.0,5.0,0,0,1,1,1,0
adelcambre,36.8,0.9702970297029703,0.6633663366336634,0.0594059405940594,0.01508363201911589,0.0,5.509296594982079,9999.0,95.0,6696.0,3.0,98.0,75.0,1.0,1097299.0,0.0,0,1,0,0,1,0
psi,5.1,0.4691358024691358,0.5308641975308642,0.18518518518518517,0.012096774193548387,0.0,4.418346774193548,9999.0,1285.0,6696.0,25.0,38.0,97.0,1.0,1266960.0,0.0,0,1,0,0,1,1
watsonian,110.0,2.1315789473684212,0.3157894736842105,0.05263157894736842,0.005675029868578256,0.0,2.0728046594982077,9.0,67.0,2232.0,24.0,81.0,191.0,1.0,731766.0,1.0,0,1,0,0,1,0
marcel,9.222222222222221,28.096774193548388,0.3548387096774194,2.7419354838709675,0.004629629629629629,0.0,1.6909722222222223,6.0,13.0,956.5714285714286,89.0,871.0,200.0,0.0,194416.0,4.0,0,0,0,0,1,0
brapse,6.363636363636363,1.037037037037037,0.2222222222222222,0.037037037037037035,0.004032258064516129,0.0,1.4727822580645162,9999.0,1664.0,6696.0,10.0,28.0,38.0,0.0,70980.0,0.0,0,0,0,0,1,1
francois,57.0,3.152439024390244,0.39634146341463417,0.4695121951219512,0.024492234169653525,0.0,8.94578853046595,9999.0,113.0,6696.0,64.0,517.0,200.0,0.0,926394.0,0.0,0,0,0,0,1,0
aditya,5.5,1.2,0.8,0.13333333333333333,0.002240143369175627,0.0,0.8182123655913979,9999.0,3846.0,6696.0,19.0,18.0,40.0,0.0,36385.0,0.0,0,0,0,1,1,1
agile,0.8020833333333334,0.6470588235294118,0.8235294117647058,0.17647058823529413,0.005077658303464755,0.0,1.8546146953405018,9999.0,110.0,6696.0,102.0,22.0,200.0,3.0,436773.0,0.0,0,1,0,0,1,0
itstommymorgan,6.0625,17.444444444444443,0.0,1.5555555555555556,0.0013440860215053765,0.0,0.4909274193548387,9999.0,51.0,6696.0,109.0,157.0,7.0,0.0,6436.0,0.0,0,0,0,0,1,0
toretore,11.0,28.435897435897434,0.28205128205128205,0.6153846153846154,0.005824372759856631,0.0,2.1273521505376345,9999.0,140.0,6696.0,8.0,1109.0,37.0,0.0,87579.0,0.0,0,0,0,0,1,0
vangberg,4.535714285714286,14.121951219512194,0.17073170731707318,2.902439024390244,0.006123058542413381,0.047619047619047616,2.2364471326164876,6.0,12.0,318.85714285714283,28.0,579.0,36.0,1.0,220598.0,6.0,0,1,1,0,1,0
jchris,18.175,9.192468619246862,0.5439330543933054,0.32217573221757323,0.03569295101553166,0.17333333333333334,13.036850358422939,0.0,42.0,22.32,7.0,2197.0,200.0,3.0,891474.0,8.0,0,1,0,0,1,0
gspederson,4.75,0.5714285714285714,0.7142857142857143,0.0,0.001045400238948626,0.0,0.38183243727598565,9999.0,4077.0,6696.0,457.0,4.0,11.0,0.0,11319.0,0.0,0,0,0,0,1,1
psq,55.0,2.7432432432432434,0.7027027027027027,0.44594594594594594,0.011051373954599762,0.0,4.036514336917563,9999.0,765.0,6696.0,1546.0,203.0,65.0,0.0,350894.0,0.0,0,0,0,0,1,1
andreimaxim,19.333333333333332,0.52,0.34,1.32,0.007467144563918757,0.7777777777777778,2.727374551971326,4.0,4.0,372.0,28.0,26.0,78.0,0.0,506424.0,4.0,0,0,0,0,1,0
robbyrussell,44.56140350877193,10.407407407407407,0.8148148148148148,0.16666666666666666,0.008064516129032258,0.16666666666666666,2.9455645161290325,2.0,55.0,372.0,27.0,562.0,181.0,1.0,1042021.0,7.0,0,1,1,0,1,0
kommen,14.142857142857142,1.4603174603174602,0.8095238095238095,0.07936507936507936,0.009408602150537635,0.25,3.436491935483871,27.0,29.0,1674.0,25.0,92.0,188.0,4.0,4287448.0,3.0,0,1,1,0,1,0
protocool,83.0,130.875,0.375,3.5,0.0011947431302270011,0.0,0.43637992831541217,9999.0,2077.0,6696.0,25.0,1047.0,13.0,0.0,13815.0,0.0,0,0,0,1,1,1
maddox,153.16666666666666,27.841059602649008,0.5827814569536424,1.596026490066225,0.022550776583034646,0.0,8.236671146953405,24.0,38.0,6696.0,7.0,4204.0,200.0,2.0,1141765.0,1.0,0,1,1,0,1,0
jswanner,14.571428571428571,15.283783783783784,0.5540540540540541,0.13513513513513514,0.011051373954599762,0.3333333333333333,4.036514336917563,2.0,3.0,558.0,31.0,1131.0,54.0,2.0,2148836.0,5.0,0,1,0,0,1,0
kastner,3.8524590163934427,3.0,0.3624161073825503,0.10067114093959731,0.022252090800477898,0.7142857142857143,8.127576164874553,0.0,17.0,956.5714285714286,101.0,447.0,200.0,0.0,374310.0,3.0,0,0,0,0,1,0
halorgium,0.0,3.176271186440678,0.5966101694915255,0.11864406779661017,0.044056152927120666,0.0,16.091509856630825,3.0,352.0,3348.0,1.0,937.0,0.0,0.0,1226970.0,1.0,0,0,0,0,1,1
merb,9.0,21.214285714285715,0.35714285714285715,0.42857142857142855,0.002090800477897252,0.0,0.7636648745519713,9999.0,2297.0,6696.0,2419.0,297.0,0.0,0.0,27348.0,0.0,0,0,0,0,0,1
lachie,3.3214285714285716,2.2888888888888888,0.5111111111111111,0.022222222222222223,0.013440860215053764,0.0,4.909274193548387,9999.0,79.0,6696.0,102.0,206.0,140.0,1.0,392035.0,0.0,0,1,0,0,1,0
anildigital,3.238095238095238,1.7829457364341086,0.3798449612403101,1.1627906976744187,0.019265232974910396,0.0,7.036626344086022,1.0,538.0,558.0,22.0,230.0,200.0,3.0,415187.0,3.0,0,1,0,1,1,1
cwsaylor,2.608695652173913,3.3225806451612905,0.5483870967741935,0.03225806451612903,0.004629629629629629,1.0,1.6909722222222223,22.0,22.0,2232.0,2.0,103.0,200.0,0.0,167470.0,1.0,0,0,0,0,1,0
pdsphil,7.5,2.111111111111111,0.2222222222222222,0.5555555555555556,0.0013440860215053765,0.0,0.4909274193548387,9999.0,488.0,6696.0,7.0,19.0,20.0,0.0,21844.0,0.0,0,0,0,0,1,1
kamal,3.189655172413793,1.88135593220339,0.9491525423728814,0.01694915254237288,0.008811230585424134,0.0,3.2183019713261647,9999.0,103.0,6696.0,0.0,111.0,158.0,3.0,3050300.0,0.0,0,1,0,0,1,0
bleything,4.204545454545454,5.0476190476190474,0.40476190476190477,0.21428571428571427,0.0062724014336917565,1.0,2.290994623655914,24.0,258.0,1116.0,66.0,212.0,33.0,0.0,987616.0,1.0,0,0,0,1,1,1
pergesu,15.0,0.0,0.0,0.0,0.0,0.0,0.0,9999.0,9999.0,6696.0,2568.0,0.0,0.0,0.0,0.0,0.0,1,0,0,0,0,1
caplis,1.4583333333333333,0.07142857142857142,0.5714285714285714,0.0,0.0020911127707244214,0.0,0.7637789395070949,9999.0,811.0,6695.0,324.0,1.0,8.0,0.0,14537.0,0.0,0,0,0,0,1,1
jqr,2.515625,11.850574712643677,0.5287356321839081,0.5977011494252874,0.01299477221807319,0.5333333333333333,4.746340552651232,0.0,1.0,223.16666666666666,81.0,1031.0,200.0,0.0,820559.0,8.0,0,0,1,1,1,0
mattslack,5.25,0.7692307692307693,0.7692307692307693,0.0,0.003883495145631068,0.0,1.4184466019417474,12.0,95.0,6695.0,165.0,20.0,98.0,1.0,251543.0,1.0,0,1,0,0,1,0
tjogin,5.0,1.0,0.0,0.0,0.0002987303958177745,0.0,0.10911127707244211,9999.0,4762.0,6695.0,2386.0,2.0,5.0,1.0,224.0,0.0,0,1,0,0,1,1
robbevan,1.9047619047619047,0.7068965517241379,0.6551724137931034,0.034482758620689655,0.008663181478715459,0.0,3.1642270351008213,9999.0,100.0,6695.0,11.0,41.0,68.0,0.0,255555.0,0.0,0,0,0,0,1,0
marten,18.5,1.1333333333333333,0.5333333333333333,0.26666666666666666,0.01344286781179985,0.6666666666666666,4.910007468259895,5.0,50.0,318.8095238095238,80.0,102.0,40.0,2.0,423131.0,5.0,0,1,0,0,1,0
gnufied,2.9043478260869566,1.6329113924050633,0.7341772151898734,0.0759493670886076,0.03539955190440627,0.1174496644295302,12.92968633308439,1.0,2.0,22.466442953020135,343.0,387.0,200.0,5.0,10768943.0,8.0,0,1,0,1,1,0
hoverbird,2.0,2.192982456140351,0.7543859649122807,0.05263157894736842,0.008513816280806573,0.14285714285714285,3.1096713965646003,1.0,31.0,956.4285714285714,18.0,125.0,200.0,3.0,5060997.0,4.0,0,1,1,0,1,0
beccasaurus,474.0,1.4225352112676057,0.11267605633802817,0.11267605633802817,0.010604929051530994,0.0,3.873450336071695,9999.0,131.0,6695.0,15.0,101.0,148.0,2.0,151334.0,0.0,0,1,0,0,1,0
joshuamckenty,1.198019801980198,1.105263157894737,0.5894736842105263,0.2,0.014189693801344288,0.4766666666666667,5.182785660941001,0.0,105.0,22.316666666666666,7.0,105.0,200.0,3.0,773598.0,5.0,0,1,0,0,1,0
dfl,1.4651162790697674,2.019047619047619,0.6571428571428571,0.21904761904761905,0.01568334578043316,0.28994082840236685,5.728342046303211,2.0,19.0,39.61538461538461,21.0,212.0,200.0,0.0,2755265.0,9.0,0,0,0,0,1,0
floydprice,6.666666666666667,0.25925925925925924,0.5370370370370371,0.37037037037037035,0.00806572068707991,0.0,2.946004480955937,9999.0,188.0,6695.0,69.0,14.0,200.0,0.0,339180.0,0.0,0,0,0,1,1,1
allison-lara,4.75,0.24,0.56,0.0,0.0037341299477221808,0.0,1.3638909634055265,9999.0,241.0,6695.0,1.0,6.0,27.0,0.0,17983.0,0.0,0,0,0,0,1,1
activestylus,6.4,4.543859649122807,0.47368421052631576,0.17543859649122806,0.008513816280806573,0.0,3.1096713965646003,9999.0,143.0,6695.0,216.0,259.0,76.0,0.0,126098.0,0.0,0,0,0,0,1,0
archfear,7.375,1.1538461538461537,0.6538461538461539,0.038461538461538464,0.003883495145631068,0.0,1.4184466019417474,9999.0,86.0,6695.0,67.0,30.0,27.0,0.0,163592.0,0.0,0,0,0,0,1,0
mudge,8.466666666666667,7.8125,0.25,0.175,0.011951000896325068,0.7857142857142857,4.365103077382731,3.0,24.0,478.14285714285717,32.0,625.0,34.0,3.0,121451.0,3.0,0,1,0,0,1,0
johnny,12.75,52.86206896551724,0.6896551724137931,4.413793103448276,0.004332237824917837,0.5384615384615384,1.58234986555124,29.0,29.0,514.9230769230769,4.0,1533.0,200.0,0.0,658608.0,5.0,0,0,0,0,1,0
scott-steadman,1.7241379310344827,1.4285714285714286,0.5714285714285714,0.8571428571428571,0.00313713773528533,0.25,1.145839557812967,6.0,19.0,1673.5,67.0,30.0,99.0,1.0,2332742.0,2.0,0,1,0,0,0,0
noteflakes,6.627906976744186,118.5909090909091,0.4090909090909091,2.5454545454545454,0.0032865252464893933,1.0,1.200403346280251,1.0,1.0,257.46153846153845,55.0,2609.0,57.0,0.0,341641.0,1.0,0,0,1,0,1,0
doudou,76.0,1.1025641025641026,0.47435897435897434,0.21794871794871795,0.011652225873916941,0.3023255813953488,4.255975500448163,2.0,181.0,51.89147286821706,30.0,86.0,31.0,6.0,253924.0,7.0,0,1,0,0,1,1
david,77.0,1.6,0.16,2.76,0.0037346877801015836,0.0,1.3640947116821036,9999.0,38.0,6694.0,0.0,40.0,34.0,0.0,1092701.0,0.0,0,0,0,0,1,0
pedromg,0.875,1.5892857142857142,0.6428571428571429,0.03571428571428571,0.008365700627427548,0.0,3.055572154167912,9999.0,278.0,6694.0,5.0,89.0,200.0,2.0,652686.0,0.0,0,1,0,0,1,1
wayne,16.0,0.0,0.0,0.0,0.0,0.0,0.0,9999.0,9999.0,6694.0,91.0,0.0,8.0,0.0,0.0,0.0,1,0,0,0,0,1
Steve,37.0,1.0833333333333333,0.5277777777777778,0.05555555555555555,0.00537795040334628,0.25157232704402516,1.964296384822229,0.0,95.0,42.100628930817614,26.0,39.0,41.0,2.0,800505.0,4.0,0,1,0,0,1,0
mark,3.5555555555555554,3.575,0.2,0.125,0.005975500448162534,0.0,2.1825515386913654,11.0,670.0,3347.0,89.0,143.0,200.0,1.0,156566.0,1.0,0,1,0,0,1,1
ambethia,2.96,10.064935064935066,0.329004329004329,0.696969696969697,0.03450851508813863,0.5,12.604235135942636,1.0,1.0,1115.6666666666667,17.0,2325.0,200.0,5.0,3226355.0,4.0,0,1,1,0,1,0
halfbyte,24.333333333333332,3.56,0.11333333333333333,0.5666666666666667,0.0224081266806095,0.2727272727272727,8.18456827009262,2.0,2.0,608.5454545454545,2.0,534.0,126.0,2.0,265649.0,4.0,0,1,1,1,1,0
cannikin,24.875,1.5733333333333333,0.35333333333333333,0.9666666666666667,0.0224081266806095,0.0,8.18456827009262,9999.0,104.0,6694.0,3.0,236.0,83.0,3.0,1752661.0,0.0,0,1,1,0,1,0
anthonylewis,58.0,1.1346153846153846,0.3269230769230769,0.0,0.007768150582611294,0.0,2.8373170002987753,9999.0,663.0,6694.0,132.0,59.0,85.0,2.0,97470.0,0.0,0,1,1,0,1,1
mcornick,35.0,0.0,0.0,0.0,0.0,0.0,0.0,9999.0,9999.0,6694.0,23.0,0.0,1.0,0.0,0.0,0.0,1,0,0,0,1,1
itfische,47.0,1.0714285714285714,0.8571428571428571,0.0,0.002091425156856887,0.0,0.763893038541978,9999.0,319.0,6694.0,11.0,15.0,17.0,0.0,306209.0,0.0,0,0,0,0,1,1
ivoencarnacao,3.6666666666666665,0.0,0.0,0.25,0.0005975500448162533,0.0,0.21825515386913655,9999.0,85.0,6694.0,85.0,0.0,33.0,0.0,1294.0,0.0,0,0,0,0,1,0
mcg,18.0,0.4594594594594595,0.6216216216216216,0.05405405405405406,0.005527337914550344,0.5,2.018860173289513,1.0,1.0,257.46153846153845,2.0,17.0,63.0,0.0,367116.0,5.0,0,0,0,0,1,0
sco,1.1508704061895552,3.676470588235294,0.7058823529411765,0.029411764705882353,0.005079175380938153,0.0,1.8551688078876607,9999.0,131.0,6694.0,10.0,125.0,200.0,1.0,213762.0,0.0,0,1,0,1,1,0
norio,1.620253164556962,2.0,0.5,0.125,0.0011951000896325067,0.4166666666666667,0.4365103077382731,0.0,0.0,557.8333333333334,2.0,16.0,200.0,0.0,109294.0,4.0,0,0,1,0,1,0
anttih,2.088235294117647,2.4069767441860463,0.7558139534883721,0.06976744186046512,0.012849245480352607,0.0,4.69318691169879,0.0,195.0,3346.5,5.0,207.0,200.0,0.0,172448.0,1.0,0,0,0,0,1,1
vintrepid,4.333333333333333,0.0,0.9367088607594937,0.0,0.011803376662184372,0.9375,4.311183325862842,0.0,0.0,418.3125,1.0,0.0,5.0,0.0,1486618.0,2.0,0,0,0,0,1,0
bigfleet,4.2592592592592595,1.6825396825396826,0.49206349206349204,0.7142857142857143,0.00941281936351412,0.0,3.4380322725235324,2.0,41.0,6693.0,62.0,106.0,200.0,2.0,943083.0,1.0,0,1,0,0,1,0
lypanov,21.0,0.5942028985507246,0.855072463768116,0.0,0.010309278350515464,0.0,3.7654639175257736,17.0,62.0,6693.0,17.0,41.0,138.0,0.0,631101.0,1.0,0,0,0,1,1,0
ropiku,1.711111111111111,2.0,0.6,0.0,0.0007470491558344539,0.0,0.2728597041685343,9999.0,3586.0,6693.0,49.0,10.0,151.0,0.0,897.0,0.0,0,0,0,0,1,1
rds,15.0,0.6,0.7333333333333333,0.0,0.0044822949350067235,0.0,1.6371582250112058,9999.0,1460.0,6693.0,257.0,18.0,85.0,0.0,54316.0,0.0,0,0,0,0,1,1
zmoazeni,3.0625,58.40677966101695,0.4745762711864407,0.4406779661016949,0.008815180038846557,0.0,3.219744509188705,9999.0,1549.0,6693.0,8.0,3446.0,115.0,1.0,334139.0,0.0,0,1,0,0,1,1
edwinmoss,19.0,8.5,0.625,0.0,0.0011952786493351262,0.0,0.4365755266696549,9999.0,4807.0,6693.0,79.0,68.0,132.0,0.0,36518.0,0.0,0,0,0,0,1,1
tomfarm,0.8444444444444444,0.0,0.9285714285714286,0.0,0.002091737636336471,0.0,0.764007171671896,10.0,81.0,6693.0,47.0,0.0,200.0,1.0,112245.0,1.0,0,1,1,0,1,0
TheNicholasNick,26.0,1.0476190476190477,0.6190476190476191,0.0,0.0031376064545047063,0.0,1.146010757507844,10.0,582.0,2231.0,62.0,22.0,200.0,0.0,162143.0,1.0,0,0,0,0,1,1
bumi,0.9423423423423424,2.5454545454545454,0.5050505050505051,1.2121212121212122,0.029583146571044376,0.34285714285714286,10.80524428507396,1.0,16.0,191.22857142857143,11.0,504.0,200.0,3.0,1233737.0,7.0,0,1,0,0,1,0
dag,3.7,11.58,0.51,2.23,0.014940983116689078,0.0,5.457194083370686,9999.0,190.0,6693.0,67.0,1158.0,136.0,1.0,204682.0,0.0,0,1,0,0,1,1
ruckus,3.8,37.724137931034484,0.3793103448275862,2.896551724137931,0.004332885103839832,0.0,1.582586284177499,9999.0,82.0,6693.0,18.0,1094.0,200.0,0.0,35391.0,0.0,0,0,0,0,1,0
mlins,8.0,0.9512195121951219,0.6585365853658537,0.04878048780487805,0.006125803077842522,0.0,2.2374495741819813,9999.0,123.0,6693.0,114.0,39.0,53.0,0.0,320188.0,0.0,0,0,0,1,1,0
luke,0.0,0.0,1.0,0.0,0.0014940983116689078,0.0,0.5457194083370686,12.0,676.0,1673.25,5.0,0.0,0.0,0.0,888638.0,2.0,0,0,0,0,1,1
labria,8.875,3.5789473684210527,0.47368421052631576,0.05263157894736842,0.002838786792170925,0.0,1.0368668758404302,9999.0,109.0,6693.0,196.0,68.0,57.0,2.0,456084.0,0.0,0,1,0,1,1,0
raymorgan,14.0,7.0,0.0,1.0,0.00014940983116689077,0.0,0.05457194083370686,9999.0,110.0,6693.0,1060.0,7.0,1.0,0.0,111.0,0.0,0,0,0,0,0,0
edward,4.481012658227848,1.435483870967742,0.6129032258064516,0.23387096774193547,0.018526819064694458,0.0,6.766920663379651,9999.0,852.0,6693.0,246.0,178.0,194.0,2.0,2493569.0,0.0,0,1,0,0,1,1
dsiem,6.0,0.5,0.0,0.16666666666666666,0.0008964589870013447,0.0,0.32743164500224115,9999.0,542.0,6693.0,38.0,3.0,22.0,0.0,236.0,0.0,0,0,0,0,0,1
talaris,2.35,0.7058823529411765,0.7058823529411765,0.058823529411764705,0.0025399671298371434,0.0,0.9277229941730166,9999.0,93.0,6693.0,4.0,12.0,111.0,3.0,60613.0,0.0,0,1,0,1,1,0
jrun,5.666666666666667,2.9166666666666665,0.5,0.08333333333333333,0.003585835948005379,0.0,1.3097265800089646,9999.0,1092.0,6693.0,512.0,70.0,200.0,0.0,66729.0,0.0,0,0,0,1,1,1
chris,44.0,9.114285714285714,0.4,0.22857142857142856,0.005229344090841177,0.0,1.9100179291797401,5.0,338.0,6693.0,32.0,319.0,160.0,0.0,54364.0,1.0,0,0,1,0,1,1
thejohnny,7.5,0.3,0.7333333333333333,0.06666666666666667,0.0044822949350067235,0.0,1.6371582250112058,4.0,163.0,6693.0,3.0,9.0,44.0,0.0,1028112.0,1.0,0,0,0,0,1,0
vic,0.5891891891891892,5.589147286821706,0.5193798449612403,0.34108527131782945,0.057821604661586735,0.453125,21.119341102644555,0.0,2.0,26.14453125,1.0,2163.0,200.0,23.0,6795736.0,13.0,0,1,1,1,1,0
thelibrarian,3.75,0.5555555555555556,0.0,0.0,0.0013448894202032278,0.0,0.49122086072922894,9999.0,773.0,6692.0,28.0,5.0,17.0,0.0,3806.0,0.0,0,0,0,0,1,1
harukizaemon,50.5,0.0,0.0,0.0,0.00029886431560071725,0.0,0.10916019127316198,9999.0,126.0,6692.0,4.0,0.0,2.0,0.0,58.0,0.0,0,0,0,0,1,0
ttcremers,3.857142857142857,0.4523809523809524,0.6428571428571429,0.35714285714285715,0.006276150627615063,0.6166666666666667,2.2923640167364017,0.0,0.0,22.30666666666667,3.0,19.0,20.0,0.0,464298.0,7.0,0,0,1,1,1,0
bitbckt,5.666666666666667,7.5,0.0,0.5,0.00029886431560071725,0.0,0.10916019127316198,9999.0,1451.0,6692.0,33.0,15.0,23.0,0.0,181.0,0.0,0,0,0,1,1,1
brupm,3.230769230769231,0.0,0.0,0.0,0.0,0.0,0.0,13.0,9999.0,2230.6666666666665,3.0,0.0,129.0,1.0,0.0,1.0,1,1,0,0,0,1
v3rb0,2.8,1.0,0.0,0.0,0.00014943215780035862,0.0,0.05458009563658099,9999.0,5861.0,6692.0,1805.0,1.0,28.0,0.0,92.0,0.0,0,0,0,0,0,1
hchoroomi,1.6170212765957446,0.6666666666666666,0.8518518518518519,0.09259259259259259,0.008069336521219366,0.0,2.9473251643753735,2.0,596.0,2230.6666666666665,43.0,36.0,200.0,0.0,605745.0,1.0,0,0,0,0,1,1
